"success","success","t","t","t","t","t","1600x900","chrome","-99","win7","196","123","100","success","success","0","0","-99","-99","-99","-99","-99","success","0","0","success","-99","success","success","success","3999","mxn","1448","1440","536","1448","1440","570","118","118","3839","SAC","success"
"success","success","t","t","t","t","t","1600x900","chrome","-99","win7","182","123","100","success","success","0","0","-99","-99","-99","-99","-99","success","0","0","success","-99","success","success","success","3999","mxn","1448","1440","536","1448","1440","570","118","118","3839","SAC","success"
"new_device","not found","t","t","t","t","t","1024x768","chrome","-99","linux","146","83","100","new_device","not found","-99","-99","-99","-99","-99","-99","-99","-99","-99","-99","-99","-99","-99","success","-99","-99","-99","1448","1448","536","1448","1448","536","54","55","4428","SAC","success"
"success","success","t","t","t","t","t","1600x900","chrome","-99","win7","165","123","100","success","success","0","0","-99","-99","-99","-99","-99","success","0","0","success","-99","success","success","success","3999","mxn","1448","1440","536","1448","1440","570","118","118","3839","SAC","success"
"success","success","t","t","t","t","t","1600x900","chrome","-99","win7","182","123","100","success","success","0","0","-99","-99","-99","-99","-99","success","0","0","success","-99","success","success","success","3999","mxn","1448","1440","536","1448","1440","570","118","118","3839","SAC","success"
"success","success","t","t","t","t","t","1600x900","chrome","-99","win7","211","123","100","success","success","0","0","-99","-99","-99","-99","-99","success","0","0","success","-99","success","success","success","3999","mxn","1448","1440","536","1448","1440","570","118","118","3839","SAC","success"
"success","success","t","t","t","t","t","1600x900","chrome","-99","win7","185","123","100","success","success","0","0","-99","-99","-99","-99","-99","success","0","0","success","-99","success","success","success","3999","mxn","1448","1440","536","1448","1440","570","118","118","3839","SAC","success"
"success","success","t","t","t","t","t","1600x900","chrome","-99","win7","177","123","100","success","success","0","0","-99","-99","-99","-99","-99","success","0","0","success","-99","success","success","success","3999","mxn","1448","1440","536","1448","1440","570","118","118","3839","SAC","success"
"new_device","not found","f","t","t","t","t","1920x1200","safari 5.1","-99","macosx","133","94","100","new_device","not found","-99","-99","-99","-99","-99","-99","-99","-99","-99","-99","-99","-99","not found","-99","-99","-99","-99","1448","1448","536","1448","1448","536","52","52","1318201","SAC","success"
"success","success","t","f","f","t","-99","-99","-99","-99","-99","96","-99","100","success","success","-99","-99","-99","-99","-99","-99","-99","-99","-99","-99","-99","-99","-99","success","-99","-99","-99","-99","-99","-99","-99","-99","-99","-99","-99","-99","-99","-99"
"success","success","t","t","t","t","t","1680x1050","firefox 17.0","-99","win7","146","24","100","success","success","0","0","-99","-99","-99","-99","-99","success","0","0","success","success","success","success","-99","-99","usd","1448","1448","536","1448","1448","602","115","115","14803","SAC","success"
"success","success","t","t","t","f","t","-99","ie 9.0","-99","win7","118","-99","100","success","success","0","0","-99","-99","-99","-99","-99","-99","-99","-99","-99","success","-99","success","-99","-99","-99","1448","1448","536","1448","1448","858","117","117","3160","SAC","-99"
"new_device","not found","f","f","t","t","t","768x1024","safari 5.1","t","ios","134","35","100","new_device","not found","-99","-99","-99","-99","-99","-99","-99","-99","-99","-99","-99","not found","-99","not found","-99","-99","-99","-99","-99","-99","1448","1448","853","-99","52","2596","SAC","success"
"new_device","not found","t","t","t","t","t","1366x768","ie 9.0","-99","win7","297","-99","100","new_device","not found","-99","-99","-99","-99","-99","-99","-99","not found","-99","-99","-99","-99","-99","not found","-99","-99","-99","1448","1440","536","1448","1440","536","119","119","18486","SAC","success"
"new_device","not found","t","f","t","t","t","317x443","opera mini","t","android","175","168","100","new_device","not found","0","-100","80.239.243.136","success","0","0","transparent","success","0","0","-99","-99","-99","not found","-99","-99","-99","-99","-99","-99","1448","1448","853","-99","57","2273","AM1","success"
"success","success","t","t","t","t","t","1366x768","chrome","-99","win7","134","96","100","success","success","0","0","-99","-99","-99","-99","-99","-99","-99","-99","-99","-99","success","-99","-99","-99","-99","1448","1448","536","1448","1448","618","116","116","1168879","SAC","success"
"success","success","t","t","t","t","t","1680x1050","chrome","-99","win7","163","61","100","success","success","0","0","-99","-99","-99","-99","-99","not found","-99","-99","-99","-99","-99","success","-99","-99","-99","1448","1440","536","1448","1440","570","113","113","4884","SAC","success"
"success","success","t","t","t","t","t","1366x768","firefox 17.0","-99","linux","133","77","100","success","not found","0","0","-99","-99","-99","-99","-99","-99","-99","-99","-99","-99","not found","-99","-99","-99","-99","1448","1448","536","1448","1448","554","53","53","4459","SAC","success"
"success","success","t","t","t","t","t","1280x800","firefox 17.0","-99","win7","122","78","100","success","success","0","0","-99","-99","-99","-99","-99","-99","-99","-99","-99","-99","-99","success","-99","-99","-99","1448","1402","536","1448","1402","586","114","114","50826","SAC","success"
"success","success","t","t","t","t","t","1440x900","firefox 16.0","-99","macosx","151","81","100","success","success","0","0","-99","-99","-99","-99","-99","success","0","0","success","-99","success","success","-99","290.78","usd","1448","1448","536","1448","1448","536","53","53","2267","SAC","success"
"success","success","t","t","t","t","t","1366x768","ie 9.0","-99","win7","148","-99","100","success","success","0","0","-99","-99","-99","-99","-99","-99","-99","-99","-99","-99","-99","success","-99","-99","-99","1448","1448","536","1448","1448","536","111","111","35253","SAC","success"
"success","success","t","f","t","t","t","0x0","android 4.0","t","android","90","-99","100","success","success","0","0","-99","-99","-99","-99","-99","-99","-99","-99","success","-99","-99","-99","-99","-99","-99","-99","-99","-99","1448","1288","911","-99","49","6336","SAC","-99"
"new_device","not found","t","f","t","t","t","768x1024","safari 6.0","t","ios","177","34","100","new_device","not found","-99","-99","-99","-99","-99","-99","-99","success","0","0","-99","-99","-99","success","-99","-99","-99","-99","-99","-99","1448","1440","554","-99","57","3225","AM1","success"
"new_device","not found","t","t","t","t","t","600x917","Android Webkit","t","Android","134","2","100","new_device","not found","0","0","-99","-99","-99","-99","-99","-99","-99","-99","-99","not found","-99","not found","-99","-99","-99","1448","1448","536","1448","1448","897","54","54","3352","SAC","success"
"new_device","not found","t","t","t","t","t","1920x1080","ie 9.0","-99","win7","230","-99","100","new_device","not found","0","0","-99","-99","-99","-99","-99","success","0","0","-99","-99","-99","not found","-99","-99","-99","1448","1448","536","1448","1448","536","111","111","324626","SAC","success"
"success","success","t","t","t","f","t","-99","ie 8.0","-99","winxp","93","-99","100","success","success","0","0","-99","-99","-99","-99","-99","-99","-99","-99","-99","success","-99","success","-99","-99","-99","1448","1448","536","1448","1448","536","111","111","9732","SAC","-99"
"new_device","not found","t","t","t","t","t","1920x1080","ie 10.0","-99","win7","226","-99","100","new_device","not found","0","0","-99","-99","-99","-99","-99","-99","-99","-99","-99","not found","-99","not found","-99","-99","-99","1448","1440","536","1448","1440","536","112","112","8572","SAC","success"
"-99","-99","-99","-99","-99","-99","-99","-99","-99","-99","-99","69","-99","-99","-99","-99","-99","-99","-99","-99","-99","-99","-99","success","0","0","-99","-99","-99","success","success","124.95","-99","-99","-99","-99","-99","-99","-99","-99","-99","-99","-99","-99"
"success","success","t","t","t","t","t","1280x720","ie 8.0","-99","win7","200","-99","100","success","success","0","0","-99","-99","-99","-99","-99","success","0","0","-99","-99","-99","success","-99","-99","-99","1448","1368","536","1448","1368","586","113","113","4607","SAC","success"
"new_device","not found","t","f","t","t","t","320x452","android 4.0","t","android","137","2","100","new_device","not found","-99","-99","-99","-99","-99","-99","-99","-99","-99","-99","-99","not found","-99","not found","-99","-99","-99","-99","-99","-99","1448","1440","1045","-99","51","5400","SAC","success"
"success","success","t","t","t","t","t","1600x900","chrome","-99","win7","191","123","100","success","success","0","0","-99","-99","-99","-99","-99","success","0","0","success","-99","success","success","success","3999","mxn","1448","1440","536","1448","1440","570","118","118","3839","SAC","success"
"success","success","t","t","t","t","t","1600x900","chrome","-99","win7","177","123","100","success","success","0","0","-99","-99","-99","-99","-99","success","0","0","success","-99","success","success","success","3999","mxn","1448","1440","536","1448","1440","570","118","118","3839","SAC","success"
"success","success","t","t","t","t","t","1600x900","chrome","-99","win7","172","123","100","success","success","0","0","-99","-99","-99","-99","-99","success","0","0","success","-99","success","success","success","3999","mxn","1448","1440","536","1448","1440","570","118","118","3839","SAC","success"
"success","success","t","t","t","t","t","1600x900","chrome","-99","win7","160","123","100","success","success","0","0","-99","-99","-99","-99","-99","success","0","0","success","-99","success","success","success","3999","mxn","1448","1440","536","1448","1440","570","118","118","3839","SAC","success"
"success","success","t","t","t","t","t","1600x900","chrome","-99","win7","190","123","100","success","success","0","0","-99","-99","-99","-99","-99","success","0","0","success","-99","success","success","success","3999","mxn","1448","1440","536","1448","1440","570","118","118","3839","SAC","success"
"success","success","t","t","t","t","t","1600x900","chrome","-99","win7","250","123","100","success","success","0","0","-99","-99","-99","-99","-99","success","0","0","success","-99","success","success","success","3999","mxn","1448","1440","536","1448","1440","570","118","118","3839","SAC","success"
"success","success","t","t","t","t","t","1600x900","chrome","-99","win7","217","123","100","success","success","0","0","-99","-99","-99","-99","-99","success","0","0","success","-99","success","success","success","3999","mxn","1448","1440","536","1448","1440","570","118","118","3839","SAC","success"
"success","success","t","t","t","t","t","1600x900","chrome","-99","win7","207","123","100","success","success","0","0","-99","-99","-99","-99","-99","success","0","0","success","-99","success","success","success","3999","mxn","1448","1440","536","1448","1440","570","118","118","3839","SAC","success"
"success","success","t","t","t","t","t","1280x800","ie 8.0","-99","winvista","138","-99","100","success","success","0","0","-99","-99","-99","-99","-99","-99","-99","-99","-99","-99","success","-99","-99","-99","-99","1448","1448","536","1448","1448","536","120","120","178801","SAC","success"
"success","success","t","t","t","t","t","1280x800","ie 10.0","-99","win8","81","-99","100","success","success","-99","-99","101.171.85.66","success","0","0","transparent","-99","-99","-99","-99","-99","-99","success","-99","-99","-99","1448","1388","536","1448","1388","536","115","115","4875","SAC","-99"
"new_device","not found","t","t","t","t","t","1366x768","ie 8.0","-99","win7","196","-99","100","new_device","not found","0","0","-99","-99","-99","-99","-99","success","0","0","-99","-99","-99","success","-99","-99","-99","1448","1448","536","1448","1448","536","114","114","4074","SAC","success"
"success","success","t","f","f","t","-99","-99","-99","-99","-99","69","-99","100","success","success","-99","-99","-99","-99","-99","-99","-99","-99","-99","-99","-99","success","-99","success","-99","-99","-99","-99","-99","-99","-99","-99","-99","-99","-99","-99","-99","-99"
"success","success","t","t","t","t","t","1440x900","firefox 17.0","-99","winvista","155","174","100","success","success","0","0","-99","-99","-99","-99","-99","-99","-99","-99","-99","-99","success","-99","-99","-99","-99","1448","1448","536","1448","1448","536","116","116","4433078","SAC","success"
"new_device","not found","t","f","t","f","t","-99","Android Webkit","t","Android","77","-99","100","new_device","not found","0","0","-99","-99","-99","-99","-99","-99","-99","-99","-99","not found","-99","not found","-99","-99","-99","-99","-99","-99","1448","1440","965","-99","51","3460","SAC","-99"
"new_device","not found","t","t","t","t","t","1366x768","Chrome/23.0.1271.97","-99","-99","170","6","98.5","success","success","0","0","-99","-99","-99","-99","-99","success","0","0","-99","-99","-99","success","-99","-99","-99","1448","1448","536","1448","1448","536","116","116","2716","SAC","-99"
"-99","-99","-99","-99","-99","-99","-99","-99","-99","-99","-99","26","-99","-99","-99","-99","-99","-99","-99","-99","-99","-99","-99","success","0","0","-99","-99","-99","success","-99","-99","-99","-99","-99","-99","-99","-99","-99","-99","-99","-99","-99","-99"
"new_device","not found","t","t","t","t","t","1024x600","Android Webkit","t","Android","151","2","100","new_device","not found","-99","-99","-99","-99","-99","-99","-99","-99","-99","-99","-99","not found","-99","not found","-99","-99","-99","1448","1448","536","1448","1448","666","53","53","5097","AM1","success"
"new_device","not found","t","t","t","t","t","1187x670","ie 9.0","-99","win7","190","-99","100","new_device","not found","-99","-99","-99","-99","-99","-99","-99","-99","-99","-99","-99","-99","-99","not found","-99","-99","-99","1448","1448","536","1448","1448","536","119","119","10060","SAC","success"
"success","success","t","t","t","t","t","1821x1024","ie 9.0","-99","win7","86","-99","100","success","success","0","0","-99","-99","-99","-99","-99","-99","-99","-99","-99","-99","success","-99","-99","-99","-99","1448","1388","536","1448","1388","618","115","115","7149","SAC","-99"
"success","success","t","t","t","t","t","1366x768","firefox 17.0","-99","win7","193","88","100","success","not found","0","0","-99","-99","-99","-99","-99","-99","-99","-99","-99","-99","not found","-99","-99","-99","-99","1448","1448","536","1448","1448","536","117","117","7476","SAC","success"
"new_device","not found","t","t","t","t","t","1366x768","ie 9.0","-99","win7","162","-99","100","new_device","not found","-99","-99","-99","-99","-99","-99","-99","not found","-99","-99","-99","-99","-99","not found","-99","-99","-99","1448","1402","536","1448","1402","536","114","114","488902","SAC","success"
"success","success","t","t","t","t","t","1600x900","firefox 17.0","-99","win7","165","76","100","success","success","0","0","-99","-99","-99","-99","-99","success","0","0","-99","-99","-99","success","-99","-99","-99","1448","1440","536","1448","1440","570","120","120","4461","AM1","success"
"new_device","not found","t","t","t","t","t","1280x768","chrome","-99","winvista","171","121","100","new_device","not found","-99","-99","-99","-99","-99","-99","-99","-99","-99","-99","-99","not found","-99","not found","-99","-99","-99","1448","1448","536","1448","1448","906","112","112","7087","SAC","success"
"success","success","t","t","t","t","t","1366x768","chrome","-99","win7","124","50","100","success","success","0","0","-99","-99","-99","-99","-99","-99","-99","-99","-99","-99","-99","success","-99","-99","-99","1448","1448","536","1448","1448","570","114","114","175455","SAC","success"
"success","success","t","t","t","t","t","1366x768","chrome","-99","winvista","353","73","100","success","not found","0","0","-99","-99","-99","-99","-99","-99","-99","-99","-99","not found","-99","not found","-99","-99","-99","1448","1448","536","1448","1448","970","51","51","26883","SAC","success"
"new_device","not found","t","f","t","t","t","1280x800","safari","-99","linux","143","-99","100","new_device","not found","-99","-99","-99","-99","-99","-99","-99","not found","-99","-99","-99","-99","-99","not found","not found","96.29","usd","-99","-99","-99","1448","1448","554","-99","45","2964","SAC","success"
"new_device","not found","t","t","t","t","t","1366x768","chrome","-99","win7","164","106","100","new_device","not found","-99","-99","-99","-99","-99","-99","-99","not found","-99","-99","-99","-99","success","not found","-99","19.99","usd","1448","1448","536","1448","1448","570","108","108","29762","SAC","success"
"new_device","not found","t","f","t","t","t","320x480","safari 6.0","t","ios","133","34","100","new_device","not found","0","0","-99","-99","-99","-99","-99","success","0","0","success","-99","success","success","-99","58.16","gbp","-99","-99","-99","1448","1380","536","-99","54","2334","AM1","success"
"new_device","not found","f","f","f","t","t","0x0","safari 5.1","t","ios","93","35","100","new_device","not found","0","0","-99","-99","-99","-99","-99","-99","-99","-99","-99","-99","not found","not found","-99","-99","-99","-99","-99","-99","1448","1448","536","-99","48","2680","SAC","-99"
"new_device","not found","t","t","t","t","t","1680x1050","firefox 17.0","-99","win7","195","133","100","new_device","not found","-99","-99","-99","-99","-99","-99","-99","not found","-99","-99","-99","-99","-99","not found","-99","-99","-99","1448","1448","536","1448","1448","536","118","118","3877","AM1","success"
"success","success","t","t","t","t","t","1600x900","firefox 17.0","-99","win7","213","77","100","success","not found","-99","-99","-99","-99","-99","-99","-99","-99","-99","-99","-99","-99","-99","success","not found","-99","-99","1448","1440","536","1448","1440","536","117","117","127996","SAC","success"
"success","success","t","t","t","t","t","1600x900","firefox 17.0","-99","win7","357","131","100","success","success","0","0","-99","-99","-99","-99","-99","-99","-99","-99","-99","-99","success","-99","-99","-99","-99","1448","1448","536","1448","1448","536","112","112","5274","SAC","success"
"success","success","t","t","t","t","t","1366x768","chrome","-99","win7","186","63","100","success","not found","0","0","-99","-99","-99","-99","-99","-99","-99","-99","-99","success","-99","success","-99","-99","-99","1448","1448","536","1448","1448","554","109","109","9693","SAC","success"
"success","success","t","f","t","t","t","1024x768","firefox 17.0","-99","winxp","117","63","100","success","success","0","0","-99","-99","-99","-99","-99","-99","-99","-99","success","-99","-99","-99","-99","50","-99","-99","-99","-99","1448","1440","536","-99","118","563306","SAC","success"
"new_device","not found","t","f","t","t","t","480x800","safari 4.0","t","ios","98","2","100","new_device","not found","-99","-99","75.91.251.52","success","0","0","hidden","-99","-99","-99","-99","not found","-99","not found","-99","-99","-99","-99","-99","-99","1448","1440","602","-99","49","23211","SAC","success"
"new_device","not found","t","f","t","t","t","0x0","android 4.0","t","android","56","-99","100","new_device","not found","0","0","-99","-99","-99","-99","-99","-99","-99","-99","success","-99","-99","-99","-99","-99","-99","-99","-99","-99","1448","1408","891","-99","45","17647","SAC","-99"
"new_device","not found","t","t","t","t","t","1017x572","ie 9.0","-99","win7","207","-99","100","new_device","not found","-99","-99","-99","-99","-99","-99","-99","not found","-99","-99","-99","-99","-99","not found","-99","-99","-99","1448","1440","536","1448","1440","536","117","117","4254","AM1","success"
"success","success","t","f","t","t","t","0x0","android 4.0","t","android","87","-99","100","success","success","0","0","-99","-99","-99","-99","-99","-99","-99","-99","not found","-99","-99","-99","-99","-99","-99","-99","-99","-99","1448","1288","911","-99","49","5599","SAC","-99"
"success","success","t","t","t","t","t","1920x1080","chrome","-99","winxp","160","28","100","success","success","0","0","-99","-99","-99","-99","-99","success","0","0","-99","-99","-99","success","-99","-99","-99","1460","1452","536","1460","1452","570","111","111","195294","SAC","success"
"new_device","not found","f","t","t","t","t","1920x1080","safari 6.0","-99","macosx","164","90","100","new_device","not found","-99","-99","-99","-99","-99","-99","-99","not found","-99","-99","not found","-99","-99","not found","not found","104.99","usd","1448","1448","536","1448","1448","536","54","54","134966","SAC","success"
"success","success","t","t","t","t","t","1366x768","chrome","-99","win7","143","25","100","success","success","0","0","-99","-99","-99","-99","-99","-99","-99","-99","-99","-99","-99","success","-99","-99","-99","1448","1448","536","1448","1448","586","115","115","130094","SAC","success"
"success","success","t","t","t","t","t","320x508","android 4.0","t","android","199","2","100","success","not found","0","0","-99","-99","-99","-99","-99","-99","-99","-99","-99","-99","-99","success","not found","-99","-99","-99","-99","-99","1448","1428","947","-99","48","1450730","SAC","success"
"new_device","not found","f","f","f","t","t","0x0","safari 5.1","t","ios","76","35","100","new_device","not found","-99","-99","-99","-99","-99","-99","-99","-99","-99","-99","-99","-99","not found","not found","-99","-99","-99","-99","-99","-99","1448","1448","536","-99","55","2532","SAC","-99"
"-99","-99","-99","-99","-99","-99","-99","-99","-99","-99","-99","37","-99","-99","-99","-99","-99","-99","-99","-99","-99","-99","-99","success","0","0","-99","-99","-99","success","-99","-99","-99","-99","-99","-99","-99","-99","-99","-99","-99","-99","-99","-99"
"success","success","t","t","t","t","t","1366x768","chrome","-99","win7","113","78","100","success","success","0","0","-99","-99","-99","-99","-99","-99","-99","-99","-99","-99","-99","success","-99","-99","-99","1448","1440","536","1448","1440","570","118","118","6460","SAC","success"
"new_device","not found","t","t","t","t","t","1920x1200","chrome","-99","win7","174","50","100","new_device","not found","0","0","-99","-99","-99","-99","-99","success","0","0","-99","-99","-99","not found","-99","-99","-99","1448","1448","536","1448","1448","570","111","111","156173","SAC","success"
"new_device","not found","t","f","t","t","t","1366x768","firefox 17.0","-99","win7","153","19","100","new_device","not found","0","0","-99","-99","-99","-99","-99","not found","-99","-99","-99","-99","-99","not found","-99","-99","-99","-99","-99","-99","1448","1448","570","-99","119","266959","SAC","success"
"new_device","not found","t","t","t","t","t","1440x900","ie 9.0","-99","win7","221","-99","100","new_device","not found","-99","-99","-99","-99","-99","-99","-99","not found","-99","-99","-99","-99","-99","not found","-99","-99","-99","1448","1448","536","1448","1448","536","114","114","116751","SAC","success"
"success","success","t","f","f","t","-99","-99","-99","-99","-99","65","-99","100","success","success","-99","-99","-99","-99","-99","-99","-99","-99","-99","-99","-99","-99","-99","success","-99","-99","-99","-99","-99","-99","-99","-99","-99","-99","-99","-99","-99","-99"
"-99","-99","-99","-99","-99","-99","-99","-99","-99","-99","-99","44","-99","-99","-99","-99","-99","-99","-99","-99","-99","-99","-99","success","0","0","-99","-99","-99","success","-99","-99","-99","-99","-99","-99","-99","-99","-99","-99","-99","-99","-99","-99"
"new_device","not found","t","f","t","t","t","320x401","android 4.0","t","android","134","-99","100","new_device","not found","0","0","-99","-99","-99","-99","-99","-99","-99","-99","-99","not found","-99","success","-99","-99","-99","-99","-99","-99","1448","1448","648","-99","49","4130","SAC","success"
"success","success","t","f","f","t","-99","-99","-99","-99","-99","58","-99","100","success","success","-99","-99","-99","-99","-99","-99","-99","-99","-99","-99","-99","-99","success","-99","-99","-99","-99","-99","-99","-99","-99","-99","-99","-99","-99","-99","-99","-99"
"success","success","t","t","t","t","t","1920x1080","firefox 17.0","-99","win7","113","171","100","success","success","0","0","-99","-99","-99","-99","-99","-99","-99","-99","-99","-99","success","-99","-99","-99","-99","1448","1448","536","1448","1448","536","115","115","3448","SAC","success"
"success","success","t","t","t","t","t","1120x700","ie 9.0","-99","win7","147","-99","100","success","success","0","0","-99","-99","-99","-99","-99","-99","-99","-99","-99","-99","-99","success","-99","-99","-99","1448","1448","536","1448","1448","536","118","118","159349","SAC","success"
"new_device","not found","t","t","t","t","t","1440x900","ie 9.0","-99","winvista","145","-99","100","new_device","not found","-99","-99","-99","-99","-99","-99","-99","-99","-99","-99","-99","not found","-99","success","-99","-99","-99","-99","-99","-99","1448","1338","536","-99","110","87614","SAC","success"
"success","success","t","t","t","t","t","1619x910","ie 9.0","-99","win7","211","-99","100","success","success","0","0","-99","-99","-99","-99","-99","success","0","0","-99","-99","-99","not found","-99","-99","-99","1448","1448","536","1448","1448","536","116","116","131953","SAC","success"
"new_device","not found","t","f","t","t","t","800x480","safari 4.0","t","ios","115","2","100","new_device","not found","-99","-99","69.235.128.6","success","0","0","hidden","-99","-99","-99","-99","not found","-99","not found","-99","-99","-99","-99","-99","-99","1448","1440","618","-99","57","7779","SAC","success"
"new_device","not found","t","t","t","t","t","1336x751","ie 9.0","-99","win7","188","-99","100","new_device","not found","-99","-99","-99","-99","-99","-99","-99","not found","-99","-99","-99","-99","-99","not found","-99","-99","-99","1448","1440","536","1448","1440","536","116","116","9495","SAC","success"
"new_device","not found","t","t","t","t","t","1920x1080","ie 9.0","-99","win7","166","-99","100","new_device","not found","0","0","-99","-99","-99","-99","-99","success","0","0","-99","-99","-99","not found","-99","-99","-99","1448","1448","536","1448","1448","536","116","116","4567","AM1","success"
"new_device","not found","t","t","t","t","t","1920x1080","chrome","-99","win7","281","56","100","new_device","not found","-99","-99","-99","-99","-99","-99","-99","not found","-99","-99","-99","-99","-99","not found","-99","-99","-99","1448","1406","536","1448","1406","536","114","114","4888","SAC","success"
"-99","-99","-99","-99","-99","-99","-99","-99","-99","-99","-99","53","-99","-99","-99","-99","-99","-99","-99","-99","-99","-99","-99","success","0","0","-99","-99","-99","success","-99","-99","-99","-99","-99","-99","-99","-99","-99","-99","-99","-99","-99","-99"
"new_device","not found","t","t","t","t","t","1366x768","firefox 17.0","-99","win7","248","17","100","new_device","not found","-99","-99","-99","-99","-99","-99","-99","not found","-99","-99","-99","-99","-99","not found","-99","-99","-99","1448","1448","536","1448","1448","536","113","113","4128","SAC","success"
"new_device","not found","t","t","t","t","t","1280x800","chrome","-99","winxp","159","127","100","new_device","not found","-99","-99","-99","-99","-99","-99","-99","-99","-99","-99","-99","not found","-99","not found","-99","-99","-99","1448","1448","536","1448","1448","970","118","118","64339","SAC","success"
"not_enough_attribs","-99","f","f","t","t","t","768x1024","safari 6.0","t","ios","110","34","-99","not_enough_attribs","-99","0","0","-99","-99","-99","-99","-99","-99","-99","-99","-99","success","-99","success","-99","-99","-99","-99","-99","-99","1448","1448","536","-99","47","2584","SAC","success"
"-99","-99","-99","-99","-99","-99","-99","-99","-99","-99","-99","35","-99","-99","-99","-99","-99","-99","-99","-99","-99","-99","-99","-99","-99","-99","-99","-99","not found","not found","-99","-99","-99","-99","-99","-99","-99","-99","-99","-99","-99","-99","-99","-99"
"success","success","t","f","f","t","-99","-99","-99","-99","-99","103","-99","100","success","success","-99","-99","-99","-99","-99","-99","-99","success","0","0","-99","-99","-99","success","-99","-99","-99","-99","-99","-99","-99","-99","-99","-99","-99","-99","-99","-99"
"success","success","t","t","t","t","t","1152x720","ie 9.0","-99","win7","211","-99","100","success","success","0","0","-99","-99","-99","-99","-99","success","0","0","-99","-99","-99","success","-99","-99","-99","1448","1428","536","1448","1428","536","111","114","36783","SAC","success"
"success","success","t","t","t","t","t","1366x768","Chrome/23.0.1271.97","-99","-99","176","6","100","success","success","0","0","-99","-99","-99","-99","-99","success","0","0","-99","-99","-99","success","-99","-99","-99","1448","1448","536","1448","1448","570","116","116","33641","SAC","success"
"success","success","t","t","t","t","t","1525x857","ie 9.0","-99","win7","151","-99","100","success","success","0","0","-99","-99","-99","-99","-99","-99","-99","-99","-99","-99","-99","success","-99","-99","-99","1448","1440","536","1448","1440","536","114","114","628082","SAC","success"
"new_device","not found","t","t","t","t","t","1920x1080","ie 9.0","-99","win7","211","-99","100","new_device","not found","0","0","-99","-99","-99","-99","-99","success","0","0","-99","-99","-99","not found","-99","-99","-99","1448","1448","536","1448","1448","536","116","116","4380","SAC","success"
"new_device","not found","t","t","t","t","t","1441x810","ie 9.0","-99","win7","175","-99","100","new_device","not found","0","0","-99","-99","-99","-99","-99","-99","-99","-99","-99","-99","not found","-99","-99","-99","-99","1448","1448","536","1448","1448","666","116","116","215991","SAC","success"
"new_device","not found","t","t","t","t","t","1600x900","ie 9.0","-99","win7","153","-99","100","new_device","not found","-99","-99","-99","-99","-99","-99","-99","-99","-99","-99","-99","-99","not found","-99","-99","-99","-99","-99","-99","-99","1448","1438","586","-99","53","47025","SAC","success"
"success","success","t","t","t","t","t","1366x768","ie 9.0","-99","win7","172","-99","100","success","success","0","0","-99","-99","-99","-99","-99","success","0","0","-99","-99","-99","success","-99","-99","-99","1448","1448","536","1448","1448","536","118","118","9308","SAC","success"
"new_device","not found","t","t","t","t","t","1024x768","ie 8.0","-99","winxp","143","-99","100","new_device","not found","-99","-99","-99","-99","-99","-99","-99","-99","-99","-99","-99","-99","not found","-99","-99","-99","-99","1448","1448","536","1448","1448","565","116","116","514685","AM1","success"
"new_device","not found","t","t","t","t","t","533x241","android 4.0","t","android","127","2","100","new_device","not found","0","0","-99","-99","-99","-99","-99","-99","-99","-99","-99","not found","-99","not found","-99","-99","-99","1448","1376","536","1448","1376","1094","52","52","177345","SAC","success"
"new_device","not found","t","t","t","t","t","1366x768","firefox 14.0","-99","win7","238","30","100","new_device","not found","-99","-99","-99","-99","-99","-99","-99","not found","-99","-99","not found","not found","not found","not found","not found","54.05","usd","1448","1448","536","1448","1448","1146","119","119","11062","SAC","success"
"-99","-99","-99","-99","-99","-99","-99","-99","-99","-99","-99","51","-99","-99","-99","-99","-99","-99","-99","-99","-99","-99","-99","success","0","0","-99","-99","-99","success","-99","-99","-99","-99","-99","-99","-99","-99","-99","-99","-99","-99","-99","-99"
"new_device","not found","t","t","t","t","t","1920x1080","chrome","-99","win7","231","122","100","new_device","not found","-99","-99","-99","-99","-99","-99","-99","not found","-99","-99","-99","-99","-99","not found","-99","-99","-99","1448","1448","536","1448","1448","536","120","120","3196","SAC","success"
"new_device","not found","t","t","t","t","t","1920x1080","chrome","-99","win7","137","124","100","new_device","not found","0","0","-99","-99","-99","-99","-99","-99","-99","-99","-99","-99","-99","success","-99","-99","-99","1448","1248","536","1448","1248","570","111","111","2491154","SAC","success"
"new_device","not found","t","f","f","t","t","1366x768","firefox 17.0","-99","win7","100","66","100","new_device","not found","0","0","-99","-99","-99","-99","-99","-99","-99","-99","-99","-99","not found","not found","-99","-99","-99","-99","-99","-99","1448","1448","536","-99","116","848","SAC","-99"
"new_device","not found","f","f","t","t","t","768x1024","safari 6.0","t","ios","148","34","100","new_device","not found","0","0","-99","-99","-99","-99","-99","not found","-99","-99","-99","-99","-99","success","not found","72.85","usd","-99","-99","-99","1448","1448","536","-99","52","2788","SAC","success"
"new_device","not found","f","f","t","t","t","768x1024","safari 5.1","t","ios","140","35","100","new_device","not found","0","0","-99","-99","-99","-99","-99","-99","-99","-99","-99","not found","-99","not found","-99","-99","-99","-99","-99","-99","1448","1440","805","-99","55","528843","SAC","success"
"new_device","not found","t","t","t","t","t","1920x1080","chrome","-99","win7","191","151","100","new_device","not found","-99","-99","-99","-99","-99","-99","-99","not found","-99","-99","-99","-99","-99","not found","-99","-99","-99","1448","1448","536","1448","1448","586","115","115","13771","SAC","success"
"new_device","not found","t","t","t","t","t","1366x768","chrome","-99","win7","181","23","100","new_device","not found","0","0","-99","-99","-99","-99","-99","success","0","0","-99","-99","-99","not found","-99","-99","-99","1448","1440","536","1448","1440","536","120","120","3517","AM1","success"
"new_device","not found","t","f","t","t","t","320x480","safari 5.1","t","ios","167","35","100","new_device","not found","0","0","-99","-99","-99","-99","-99","not found","-99","-99","-99","-99","-99","not found","-99","-99","-99","-99","-99","-99","1448","1448","570","-99","57","3009","SAC","success"
"success","success","t","t","t","t","t","1366x768","ie 9.0","-99","win7","133","-99","100","success","not found","0","0","-99","-99","-99","-99","-99","-99","-99","-99","-99","-99","not found","-99","-99","-99","-99","1448","1448","536","1448","1448","634","113","113","17780","SAC","-99"
"new_device","not found","t","t","t","t","t","1680x1050","firefox 17.0","-99","win7","207","67","100","new_device","not found","-99","-99","-99","-99","-99","-99","-99","success","0","0","-99","-99","-99","not found","not found","24.98","usd","1448","1440","536","1448","1440","890","112","112","4399","SAC","success"
"success","success","t","t","t","t","t","1676x943","ie 8.0","-99","winxp","151","-99","100","success","success","0","0","-99","-99","-99","-99","-99","success","0","0","-99","-99","-99","success","-99","-99","-99","1448","1248","536","1448","1248","581","111","111","7350","SAC","success"
"success","success","t","t","t","t","t","1366x768","chrome","-99","win7","185","107","100","success","success","0","0","-99","-99","-99","-99","-99","-99","-99","-99","-99","-99","-99","success","-99","-99","-99","1448","1440","536","1448","1440","570","114","114","20795","SAC","-99"
"success","success","t","t","t","t","t","1366x768","ie 9.0","-99","win7","111","-99","100","success","success","0","0","-99","-99","-99","-99","-99","-99","-99","-99","-99","-99","-99","success","-99","-99","-99","1448","1448","536","1448","1448","536","115","115","358890","SAC","success"
"success","success","t","t","t","t","t","1366x768","ie 9.0","-99","win7","170","-99","100","success","success","0","0","-99","-99","-99","-99","-99","success","0","0","-99","-99","-99","success","-99","-99","-99","1448","1448","536","1448","1448","536","111","111","39134","SAC","success"
"success","success","t","t","t","t","t","1366x768","ie 9.0","-99","win7","171","-99","100","success","success","0","0","-99","-99","-99","-99","-99","not found","-99","-99","-99","-99","-99","success","-99","-99","-99","1448","1448","536","1448","1448","536","117","117","5681","SAC","success"
"new_device","not found","t","t","t","t","t","1600x900","chrome","-99","win7","178","119","100","new_device","not found","-99","-99","-99","-99","-99","-99","-99","-99","-99","-99","-99","not found","-99","not found","-99","-99","-99","1448","1448","536","1448","1448","954","54","54","3688","AM1","success"
"new_device","not found","t","f","t","t","t","800x480","safari 4.0","t","ios","134","2","100","new_device","not found","-99","-99","68.191.86.88","success","0","0","hidden","-99","-99","-99","-99","not found","-99","not found","-99","-99","-99","-99","-99","-99","1448","1448","650","-99","51","7275","SAC","success"
"new_device","not found","t","f","t","f","t","-99","safari 6.0","t","ios","79","-99","100","new_device","not found","-99","-99","-99","-99","-99","-99","-99","-99","-99","-99","-99","-99","-99","-99","-99","-99","-99","-99","-99","-99","1448","1448","757","-99","51","2676616","SAC","-99"
"success","success","t","f","f","t","t","1366x768","ie 9.0","-99","win7","144","-99","100","success","not found","0","0","-99","-99","-99","-99","-99","-99","-99","-99","-99","-99","not found","success","-99","-99","-99","-99","-99","-99","1448","1448","536","-99","118","4342","SAC","-99"
"success","success","t","t","t","t","t","1920x1080","chrome","-99","win7","129","109","100","success","success","0","0","-99","-99","-99","-99","-99","-99","-99","-99","-99","-99","-99","success","-99","-99","-99","1448","1448","536","1448","1448","570","117","117","49564","SAC","success"
"success","success","f","f","t","t","t","320x480","safari 5.1","t","ios","120","35","100","success","success","0","0","-99","-99","-99","-99","-99","-99","-99","-99","-99","success","-99","success","-99","-99","-99","-99","-99","-99","1448","1348","536","-99","51","5424","SAC","success"
"success","success","t","t","t","t","t","1093x614","ie 9.0","-99","win7","180","-99","100","success","not found","0","0","-99","-99","-99","-99","-99","not found","-99","-99","-99","-99","-99","success","-99","-99","-99","1448","1440","536","1448","1440","536","106","106","4541","SAC","success"
"new_device","not found","t","t","t","t","t","1440x900","firefox 17.0","-99","win7","618","68","100","new_device","not found","0","0","-99","-99","-99","-99","-99","-99","-99","-99","-99","-99","-99","success","-99","-99","-99","1448","1402","536","1448","1402","538","114","114","6146","SAC","success"
"success","success","t","f","f","t","t","1440x900","chrome","-99","win7","104","107","100","success","not found","-99","-99","-99","-99","-99","-99","-99","-99","-99","-99","-99","-99","not found","not found","-99","-99","-99","-99","-99","-99","1448","1448","554","-99","112","1076","SAC","-99"
"new_device","not found","f","f","t","t","t","768x1024","safari 6.0","t","ios","206","34","100","new_device","not found","0","0","-99","-99","-99","-99","-99","not found","-99","-99","-99","-99","-99","success","success","394.08","usd","-99","-99","-99","1448","1448","536","-99","52","5432","SAC","success"
"new_device","not found","t","f","t","t","t","720x1280","chrome 18.0","-99","android","143","-99","100","new_device","not found","0","0","-99","-99","-99","-99","-99","-99","-99","-99","-99","not found","-99","not found","-99","-99","-99","-99","-99","-99","1448","1448","538","-99","53","5997","SAC","success"
"-99","-99","-99","-99","-99","-99","-99","-99","-99","-99","-99","41","-99","-99","-99","-99","-99","-99","-99","-99","-99","-99","-99","success","0","0","not found","not found","-99","not found","-99","-99","-99","-99","-99","-99","-99","-99","-99","-99","-99","-99","-99","-99"
"-99","-99","-99","-99","-99","-99","-99","-99","-99","-99","-99","37","-99","-99","-99","-99","-99","-99","-99","-99","-99","-99","-99","success","0","0","-99","-99","-99","success","-99","-99","-99","-99","-99","-99","-99","-99","-99","-99","-99","-99","-99","-99"
"new_device","not found","t","t","t","t","t","1366x768","ie 7.0","-99","win7","226","-99","100","new_device","not found","-99","-99","-99","-99","-99","-99","-99","success","0","0","-99","-99","-99","not found","-99","-99","-99","1448","1428","536","1448","1428","536","52","52","5203","SAC","success"
"new_device","not found","t","t","t","t","t","1093x614","ie 9.0","-99","win7","216","-99","100","new_device","not found","0","0","-99","-99","-99","-99","-99","not found","-99","-99","-99","-99","-99","not found","-99","-99","-99","1448","1448","536","1448","1448","536","117","117","9879","SAC","success"
"success","success","t","t","t","t","t","1600x900","ie 9.0","-99","win7","143","-99","100","success","success","0","0","-99","-99","-99","-99","-99","-99","-99","-99","-99","-99","-99","success","-99","-99","-99","1448","1448","536","1448","1448","536","116","116","6824","SAC","success"
"new_device","not found","t","t","t","t","t","1920x1080","safari","-99","win7","175","99","100","new_device","not found","0","0","-99","-99","-99","-99","-99","not found","-99","-99","-99","-99","-99","success","-99","-99","eur","1448","1448","536","1448","1448","536","117","117","109960","SAC","success"
"success","success","t","t","t","t","t","1366x768","firefox 17.0","-99","win7","167","74","100","success","success","0","0","-99","-99","-99","-99","-99","-99","-99","-99","-99","-99","-99","success","-99","-99","-99","1448","1440","536","1448","1440","570","112","112","7350","SAC","-99"
"success","success","t","t","t","t","t","1440x900","firefox 17.0","-99","win7","145","24","100","success","success","0","0","-99","-99","-99","-99","-99","not found","-99","-99","-99","-99","-99","success","-99","-99","-99","1448","1128","536","1448","1128","536","112","112","6284","SAC","success"
"new_device","not found","t","t","t","t","t","1366x768","ie 9.0","-99","win7","322","-99","100","new_device","not found","0","0","-99","-99","-99","-99","-99","not found","-99","-99","-99","-99","-99","not found","-99","-99","-99","1448","1440","536","1448","1440","536","117","117","140254","SAC","success"
"new_device","not found","t","t","t","t","t","1680x1050","safari 5.1","-99","macosx","164","102","100","new_device","not found","-99","-99","-99","-99","-99","-99","-99","-99","-99","-99","-99","-99","not found","-99","-99","-99","-99","1448","1448","536","1448","1448","536","55","55","242501","SAC","success"
"success","success","f","t","t","t","t","1440x900","safari 6.0","-99","macosx","174","97","100","success","success","0","0","-99","-99","-99","-99","-99","success","0","0","success","-99","success","success","not found","1153.9","aud","1448","1448","536","1448","1448","536","55","55","14975","SAC","success"
"success","success","t","f","t","t","t","1366x768","chrome","-99","win7","118","58","100","success","success","0","0","-99","-99","-99","-99","-99","-99","-99","-99","success","-99","-99","-99","-99","20","-99","-99","-99","-99","1448","1448","570","-99","54","1011728","SAC","success"
"new_device","not found","t","f","t","t","t","768x1024","safari 6.0","t","ios","147","34","100","new_device","not found","0","0","-99","-99","-99","-99","-99","success","0","0","-99","-99","-99","success","-99","-99","-99","-99","-99","-99","1448","1440","536","-99","50","3376","SAC","success"
"new_device","not found","t","f","f","t","t","1920x1080","firefox 17.0","-99","win8","100","56","100","new_device","not found","-99","-99","-99","-99","-99","-99","-99","-99","-99","-99","-99","-99","not found","not found","-99","-99","-99","-99","-99","-99","1448","1440","536","-99","114","374368","SAC","-99"
"new_device","not found","t","t","t","t","t","1280x800","firefox 17.0","-99","macosx","190","91","100","new_device","not found","0","0","-99","-99","-99","-99","-99","success","0","0","-99","-99","-99","not found","-99","-99","-99","1448","1448","536","1448","1448","536","54","54","15920","SAC","success"
"success","success","t","t","t","t","t","1366x768","ie 9.0","-99","win7","140","-99","100","success","success","0","0","-99","-99","-99","-99","-99","success","0","0","-99","-99","-99","success","-99","-99","-99","1448","1306","536","1448","1306","536","112","112","4908","SAC","success"
"new_device","not found","t","t","t","t","t","1024x600","chrome","-99","winxp","168","30","100","new_device","not found","-99","-99","-99","-99","-99","-99","-99","-99","-99","-99","-99","not found","-99","not found","-99","-99","-99","1448","1448","536","1448","1448","922","111","111","725229","SAC","success"
"new_device","not found","t","f","t","f","t","-99","ie 9.0","-99","winvista","70","-99","100","new_device","not found","-99","-99","-99","-99","-99","-99","-99","-99","-99","-99","-99","-99","-99","-99","-99","-99","-99","-99","-99","-99","1448","1444","1450","-99","117","444427","SAC","-99"
"success","success","t","t","t","t","t","1600x900","chrome","-99","win7","203","123","100","success","success","0","0","-99","-99","-99","-99","-99","success","0","0","success","-99","success","success","success","3999","mxn","1448","1440","536","1448","1440","570","118","118","3839","SAC","success"
"new_device","not found","t","t","t","t","t","1024x768","firefox 17.0","-99","winxp","131","83","100","new_device","not found","-99","-99","-99","-99","-99","-99","-99","-99","-99","-99","-99","-99","not found","-99","-99","-99","-99","1448","1348","536","1448","1348","554","116","116","17435","SAC","success"
"new_device","not found","t","t","t","t","t","1088x614","ie 8.0","-99","winxp","165","-99","100","new_device","not found","0","0","-99","-99","-99","-99","-99","success","0","0","-99","-99","-99","not found","-99","214.94","usd","1448","1448","536","1448","1448","846","120","120","6467","SAC","-99"
"new_device","not found","t","f","t","t","t","1280x736","safari","-99","linux","101","-99","100","new_device","not found","0","0","-99","-99","-99","-99","-99","-99","-99","-99","-99","not found","-99","not found","-99","-99","-99","-99","-99","-99","1448","1448","970","-99","46","2895","SAC","success"
"new_device","not found","t","t","t","t","t","1280x800","chrome","-99","macosx","176","102","100","new_device","not found","0","0","-99","-99","-99","-99","-99","-99","-99","-99","-99","success","-99","not found","-99","-99","-99","1448","1448","536","1448","1448","922","48","48","4563","SAC","success"
"success","success","t","f","t","f","t","-99","android 4.0","t","android","110","-99","100","success","success","0","0","-99","-99","-99","-99","-99","-99","-99","-99","-99","success","-99","success","-99","-99","-99","-99","-99","-99","1448","1420","649","-99","48","237","SAC","-99"
"success","success","f","f","t","t","t","768x1024","safari 6.0","t","ios","159","34","100","success","not found","0","0","-99","-99","-99","-99","-99","not found","-99","-99","-99","-99","-99","success","success","111.81","usd","-99","-99","-99","1448","1448","536","-99","47","3775","SAC","success"
"new_device","not found","t","t","t","t","t","1280x800","ie 8.0","-99","winxp","210","-99","100","new_device","not found","0","0","-99","-99","-99","-99","-99","not found","-99","-99","not found","not found","success","not found","not found","70.7","usd","1448","1448","536","1448","1448","1283","112","112","3112","SAC","success"
"new_device","not found","t","t","t","t","t","1366x768","chrome","-99","win7","196","60","100","new_device","not found","-99","-99","-99","-99","-99","-99","-99","-99","-99","-99","-99","not found","-99","not found","-99","-99","-99","1448","1448","536","1448","1448","874","115","115","5324","SAC","success"
"success","success","t","t","t","t","t","1600x900","chrome","-99","win7","186","67","100","success","not found","0","0","-99","-99","-99","-99","-99","not found","-99","-99","-99","-99","-99","not found","-99","13.44","usd","1448","1440","536","1448","1440","730","117","117","60690","SAC","success"
"success","success","t","t","t","t","t","1920x1080","chrome","-99","win7","181","14","100","success","success","0","0","-99","-99","-99","-99","-99","success","0","0","-99","-99","success","success","-99","25","usd","1448","1448","536","1448","1448","602","116","116","2425","AM1","success"
"new_device","not found","t","t","t","t","t","1440x900","chrome","-99","macosx","152","55","100","new_device","not found","-99","-99","-99","-99","-99","-99","-99","not found","-99","-99","-99","-99","-99","not found","-99","1912","aud","1448","1406","536","1448","1406","602","51","51","2985","SAC","success"
"new_device","not found","f","f","t","t","t","768x1024","safari 4.0","t","ios","135","34","100","new_device","not found","-99","-99","-99","-99","-99","-99","-99","-99","-99","-99","-99","not found","-99","not found","-99","-99","-99","-99","-99","-99","1448","1348","853","-99","50","256390","SAC","success"
"-99","-99","-99","-99","-99","-99","-99","-99","-99","-99","-99","53","-99","-99","-99","-99","-99","-99","-99","-99","-99","-99","-99","success","0","0","success","success","-99","success","-99","-99","-99","-99","-99","-99","-99","-99","-99","-99","-99","-99","-99","-99"
"success","success","t","t","t","f","t","-99","firefox 17.0","-99","win7","90","-99","100","success","success","0","0","-99","-99","-99","-99","-99","-99","-99","-99","success","-99","-99","-99","-99","-99","-99","1448","1448","536","1448","1448","1460","115","115","3156","SAC","-99"
"success","success","t","t","t","t","t","1920x1080","ie 9.0","-99","win7","189","-99","100","success","not found","0","0","-99","-99","-99","-99","-99","-99","-99","-99","-99","not found","-99","success","-99","-99","-99","1448","1448","536","1448","1448","922","110","110","8531","SAC","success"
"success","success","t","t","t","t","t","1344x840","ie 8.0","-99","winvista","115","-99","100","success","success","0","0","-99","-99","-99","-99","-99","-99","-99","-99","-99","-99","success","-99","-99","-99","-99","1448","1448","536","1448","1448","570","119","119","7368","SAC","success"
"new_device","not found","t","t","t","t","t","1440x900","ie 8.0","-99","winvista","662","-99","100","new_device","not found","-99","-99","-99","-99","-99","-99","-99","not found","-99","-99","-99","-99","-99","not found","-99","-99","-99","1448","1448","536","1448","1448","613","117","117","1450610","SAC","success"
"success","success","t","f","f","t","-99","-99","-99","-99","-99","64","-99","100","success","success","-99","-99","-99","-99","-99","-99","-99","-99","-99","-99","-99","-99","success","-99","-99","-99","-99","-99","-99","-99","-99","-99","-99","-99","-99","-99","-99","-99"
"new_device","not found","t","t","t","t","t","1366x768","ie 9.0","-99","win7","155","-99","100","new_device","not found","-99","-99","-99","-99","-99","-99","-99","-99","-99","-99","-99","-99","-99","not found","not found","-99","-99","-99","-99","-99","1448","1440","536","-99","112","326315","SAC","success"
"-99","-99","-99","-99","-99","-99","-99","-99","-99","-99","-99","46","-99","-99","-99","-99","-99","-99","-99","-99","-99","-99","-99","success","0","0","-99","-99","-99","success","-99","-99","-99","-99","-99","-99","-99","-99","-99","-99","-99","-99","-99","-99"
"new_device","not found","f","f","t","t","t","320x480","safari 5.0","t","ios","111","34","100","new_device","not found","-99","-99","-99","-99","-99","-99","-99","-99","-99","-99","-99","not found","-99","success","-99","-99","-99","-99","-99","-99","1448","1348","885","-99","46","4028","SAC","success"
"new_device","not found","t","t","t","t","t","1920x1080","ie 9.0","-99","win7","256","-99","100","new_device","not found","-99","-99","-99","-99","-99","-99","-99","not found","-99","-99","-99","-99","-99","not found","-99","-99","-99","1448","1448","536","1448","1448","536","113","114","231413","SAC","success"
"new_device","not found","t","t","t","t","t","1366x768","ie 9.0","-99","win7","222","-99","100","new_device","not found","-99","-99","-99","-99","-99","-99","-99","success","0","0","-99","-99","-99","not found","-99","-99","-99","1448","1448","536","1448","1448","536","114","114","1790796","SAC","success"
"success","success","t","t","t","t","t","1024x768","Firefox/18.0","-99","-99","179","92","100","success","success","0","0","-99","-99","-99","-99","-99","-99","-99","-99","-99","-99","-99","success","-99","-99","-99","1448","1448","536","1448","1448","538","113","113","423803","SAC","success"
"new_device","not found","t","t","t","f","t","-99","ie 9.0","-99","win7","103","-99","100","new_device","not found","-99","-99","-99","-99","-99","-99","-99","not found","-99","-99","-99","-99","-99","-99","not found","1436.5","-99","1448","1448","536","1448","1448","618","118","118","2199","SAC","-99"
"new_device","not found","t","t","t","f","t","-99","ie 9.0","-99","winvista","101","-99","100","new_device","not found","0","0","-99","-99","-99","-99","-99","-99","-99","-99","-99","not found","-99","not found","-99","-99","-99","1448","1448","536","1448","1448","618","116","116","4048","SAC","-99"
"new_device","not found","t","t","t","t","t","1680x1050","chrome","-99","win7","165","114","100","new_device","not found","0","0","-99","-99","-99","-99","-99","-99","-99","-99","-99","-99","not found","-99","-99","-99","-99","1448","1420","536","1448","1420","586","111","111","1412484","SAC","success"
"new_device","not found","t","t","t","t","t","1317x823","ie 9.0","-99","win7","179","-99","100","new_device","not found","0","0","-99","-99","-99","-99","-99","-99","-99","-99","-99","-99","success","-99","-99","-99","-99","1448","1448","536","1448","1448","536","114","114","89306","SAC","success"
"new_device","not found","t","f","t","t","t","1920x1080","firefox 16.0","-99","winvista","113","4","80","success","success","0","0","-99","-99","-99","-99","-99","-99","-99","-99","-99","-99","-99","-99","-99","-99","-99","-99","-99","-99","1448","1448","536","-99","116","623","SAC","-99"
"new_device","not found","t","t","t","t","t","1366x768","ie 9.0","-99","win7","239","-99","100","new_device","not found","-99","-99","-99","-99","-99","-99","-99","not found","-99","-99","-99","-99","-99","not found","-99","-99","-99","-99","-99","-99","1448","1438","536","-99","53","334986","SAC","success"
"success","success","t","t","t","t","t","1067x853","firefox 17.0","-99","win7","190","111","100","success","success","0","0","-99","-99","-99","-99","-99","success","0","0","-99","-99","-99","not found","-99","-99","-99","1448","1430","536","1448","1430","538","112","112","90491","SAC","success"
"-99","-99","-99","-99","-99","-99","-99","-99","-99","-99","-99","86","-99","-99","-99","-99","-99","-99","-99","-99","-99","-99","-99","success","0","0","-99","-99","-99","success","-99","-99","-99","-99","-99","-99","-99","-99","-99","-99","-99","-99","-99","-99"
"success","success","t","t","t","t","t","1440x900","safari 6.0","-99","macosx","248","68","100","success","success","0","0","-99","-99","-99","-99","-99","success","0","0","success","success","success","success","success","85.75","usd","1448","1448","536","1448","1448","1397","54","54","2675","SAC","success"
"new_device","not found","t","f","t","t","t","1366x768","chrome 19.0","-99","win7","157","73","96","success","success","0","0","-99","-99","-99","-99","-99","success","0","0","-99","-99","-99","success","-99","319.98","usd","-99","-99","-99","1448","1448","536","-99","114","1535","SAC","-99"
"success","success","t","f","f","t","-99","-99","-99","-99","-99","70","-99","100","success","success","-99","-99","-99","-99","-99","-99","-99","-99","-99","-99","-99","success","-99","success","-99","-99","-99","-99","-99","-99","-99","-99","-99","-99","-99","-99","-99","-99"
"-99","-99","-99","-99","-99","-99","-99","-99","-99","-99","-99","35","-99","-99","-99","-99","-99","-99","-99","-99","-99","-99","-99","-99","-99","-99","-99","-99","not found","-99","-99","-99","-99","-99","-99","-99","-99","-99","-99","-99","-99","-99","-99","-99"
"success","success","t","t","t","t","t","1920x1080","chrome","-99","win7","212","66","100","success","success","0","0","-99","-99","-99","-99","-99","success","0","0","-99","-99","success","not found","-99","13.99","usd","1448","1448","536","1448","1448","586","111","111","3028","SAC","success"
"new_device","not found","t","t","t","t","t","1536x864","ie 8.0","-99","winvista","207","-99","100","new_device","not found","-99","-99","-99","-99","-99","-99","-99","success","0","0","success","success","success","success","success","34.04","usd","1448","1448","536","1448","1448","1112","118","118","2953","SAC","success"
"new_device","not found","t","f","t","t","t","0x0","android 4.0","t","android","88","-99","100","new_device","not found","0","0","-99","-99","-99","-99","-99","-99","-99","-99","not found","-99","-99","-99","-99","-99","-99","-99","-99","-99","1448","1448","885","-99","42","11892","SAC","-99"
"new_device","not found","t","t","t","t","t","1366x768","ie 9.0","-99","win7","205","-99","100","new_device","not found","0","0","-99","-99","-99","-99","-99","success","0","0","-99","-99","-99","not found","-99","-99","-99","1448","1448","536","1448","1448","536","114","114","6079","SAC","success"
"success","success","t","t","t","t","t","1619x910","ie 9.0","-99","win7","149","-99","100","success","success","0","0","-99","-99","-99","-99","-99","success","0","0","-99","-99","-99","success","-99","-99","-99","1448","1440","536","1448","1440","536","117","117","7804","SAC","success"
"success","success","t","f","f","t","-99","-99","-99","-99","-99","141","-99","100","success","success","-99","-99","-99","-99","-99","-99","-99","success","0","0","-99","-99","-99","success","-99","-99","-99","-99","-99","-99","-99","-99","-99","-99","-99","-99","-99","-99"
"new_device","not found","t","t","t","t","t","1920x1080","firefox 17.0","-99","win7","228","21","100","new_device","not found","-99","-99","-99","-99","-99","-99","-99","success","0","0","-99","-99","-99","not found","-99","-99","-99","1448","1386","536","1448","1386","536","112","112","13505","SAC","success"
"success","success","t","f","t","f","t","-99","android 4.0","t","android","100","-99","100","success","success","0","0","-99","-99","-99","-99","-99","-99","-99","-99","not found","-99","-99","-99","-99","-99","-99","-99","-99","-99","1448","1448","1049","-99","49","1656","SAC","-99"
"-99","-99","-99","-99","-99","-99","-99","-99","-99","-99","-99","72","-99","-99","-99","-99","-99","-99","-99","-99","-99","-99","-99","success","0","0","success","-99","success","-99","-99","40","usd","-99","-99","-99","-99","-99","-99","-99","-99","-99","-99","-99"
"success","success","t","t","t","t","t","1336x751","ie 9.0","-99","win7","149","-99","100","success","success","0","-100","-99","-99","-99","-99","-99","-99","-99","-99","-99","success","-99","success","-99","-99","-99","1448","1448","536","1448","1448","536","117","117","157549","SAC","success"
"success","success","t","t","t","t","t","1366x768","chrome","-99","win7","128","78","100","success","success","0","0","-99","-99","-99","-99","-99","-99","-99","-99","-99","-99","-99","success","-99","-99","-99","1448","1440","536","1448","1440","570","118","118","55462","SAC","success"
"success","success","t","t","t","t","t","1024x600","chrome","-99","win7","141","66","100","success","not found","0","0","-99","-99","-99","-99","-99","-99","-99","-99","-99","-99","not found","-99","-99","-99","-99","1448","1448","536","1448","1448","682","110","110","13382","AM1","success"
"-99","-99","-99","-99","-99","-99","-99","-99","-99","-99","-99","47","-99","-99","-99","-99","-99","-99","-99","-99","-99","-99","-99","success","0","0","-99","-99","-99","success","-99","-99","-99","-99","-99","-99","-99","-99","-99","-99","-99","-99","-99","-99"
"new_device","not found","f","f","t","t","t","768x1024","safari 5.1","t","ios","139","35","100","new_device","not found","-99","-99","-99","-99","-99","-99","-99","-99","-99","-99","-99","not found","-99","not found","-99","-99","-99","-99","-99","-99","1448","1348","805","-99","57","5515","SAC","success"
"new_device","not found","t","t","t","t","t","1366x768","chrome","-99","win7","193","109","100","new_device","not found","-99","-99","-99","-99","-99","-99","-99","-99","-99","-99","-99","not found","-99","not found","-99","-99","-99","1448","1448","536","1448","1448","922","113","113","5544","SAC","success"
"-99","-99","-99","-99","-99","-99","-99","-99","-99","-99","-99","38","-99","-99","-99","-99","-99","-99","-99","-99","-99","-99","-99","success","0","0","-99","-99","-99","success","-99","-99","-99","-99","-99","-99","-99","-99","-99","-99","-99","-99","-99","-99"
"-99","-99","-99","-99","-99","-99","-99","-99","-99","-99","-99","43","-99","-99","-99","-99","-99","-99","-99","-99","-99","-99","-99","success","0","0","-99","-99","-99","success","-99","-99","-99","-99","-99","-99","-99","-99","-99","-99","-99","-99","-99","-99"
"success","success","t","f","t","f","t","-99","android 4.0","t","android","139","-99","100","success","success","0","0","174.141.208.102","success","0","0","transparent","-99","-99","-99","-99","success","-99","success","-99","-99","-99","-99","-99","-99","1448","1368","536","-99","49","642","SAC","-99"
"new_device","not found","t","t","t","t","t","1920x1080","ie 9.0","-99","win7","208","-99","100","new_device","not found","0","0","-99","-99","-99","-99","-99","-99","-99","-99","-99","not found","-99","not found","-99","-99","-99","1448","1448","536","1448","1448","874","118","118","5096","SAC","success"
"success","success","t","t","t","t","t","1536x864","ie 9.0","-99","win7","140","-99","100","success","not found","0","0","-99","-99","-99","-99","-99","-99","-99","-99","-99","-99","not found","-99","-99","-99","-99","1448","1348","536","1448","1348","536","115","115","3697","SAC","success"
"new_device","not found","t","t","t","t","t","1549x871","ie 9.0","-99","win7","218","-99","100","new_device","not found","0","0","-99","-99","-99","-99","-99","success","0","0","-99","-99","-99","not found","not found","19.94","usd","1448","1448","536","1448","1448","536","119","119","11187","SAC","success"
"success","success","t","t","t","t","t","1366x768","ie 9.0","-99","win7","131","-99","100","success","success","0","0","-99","-99","-99","-99","-99","success","0","0","success","-99","-99","success","success","124.99","usd","1460","1452","536","1460","1452","536","115","115","8412","SAC","success"
"success","success","t","f","t","t","t","1600x900","ie 9.0","-99","win7","91","-99","100","success","success","0","0","-99","-99","-99","-99","-99","-99","-99","-99","-99","-99","-99","success","-99","-99","-99","-99","-99","-99","1448","1448","536","-99","120","47061","AM1","success"
"new_device","not found","t","t","t","t","t","1080x810","ie 8.0","-99","winxp","227","-99","100","new_device","not found","-99","-99","-99","-99","-99","-99","-99","not found","-99","-99","-99","-99","-99","not found","-99","-99","-99","1448","1402","536","1448","1402","536","115","115","4512","SAC","success"
"new_device","not found","t","t","t","t","t","1366x768","firefox 17.0","-99","win7","156","66","100","new_device","not found","-99","-99","-99","-99","-99","-99","-99","-99","-99","-99","-99","-99","not found","-99","-99","-99","-99","1448","1448","536","1448","1448","586","112","112","3282952","SAC","success"
"success","success","t","t","t","t","t","1366x768","ie 9.0","-99","win7","122","-99","100","success","success","-99","-99","-99","-99","-99","-99","-99","-99","-99","-99","-99","-99","success","-99","-99","-99","-99","1448","1440","536","1448","1440","570","118","118","1391837","SAC","success"
"success","success","t","t","t","t","t","1280x800","chrome","-99","winvista","236","132","100","success","not found","-99","-99","-99","-99","-99","-99","-99","not found","-99","-99","not found","not found","success","not found","not found","58.06","usd","1448","1448","536","1448","1448","1370","118","118","4360","SAC","success"
"new_device","not found","t","t","t","t","t","1920x1080","ie 9.0","-99","win7","309","-99","100","new_device","not found","-99","-99","-99","-99","-99","-99","-99","not found","-99","-99","-99","-99","-99","not found","-99","-99","-99","1448","1402","536","1448","1402","536","113","113","4848","SAC","success"
"new_device","not found","t","t","t","t","t","1920x1080","ie 9.0","-99","win7","213","-99","100","new_device","not found","-99","-99","-99","-99","-99","-99","-99","success","0","0","-99","-99","-99","not found","-99","-99","-99","1448","1448","536","1448","1448","536","111","111","4464","SAC","success"
"new_device","not found","t","t","t","t","t","1366x768","chrome","-99","win7","211","56","100","new_device","not found","-99","-99","-99","-99","-99","-99","-99","success","0","0","-99","-99","-99","not found","not found","295.39","usd","1448","1448","536","1448","1448","536","115","115","5136","SAC","success"
"success","success","t","f","t","t","t","1366x768","firefox 17.0","-99","win7","139","50","100","success","success","0","0","-99","-99","-99","-99","-99","-99","-99","-99","-99","-99","-99","success","-99","-99","-99","-99","-99","-99","1448","1402","538","-99","113","192585","SAC","success"
"success","success","t","t","t","t","t","1603x902","ie 9.0","-99","win7","301","-99","100","success","success","0","0","-99","-99","-99","-99","-99","-99","-99","-99","-99","-99","-99","success","-99","-99","-99","1448","1368","536","1448","1368","536","113","113","109639","SAC","success"
"new_device","not found","t","t","t","t","t","1366x768","ie 9.0","-99","win7","221","-99","100","new_device","not found","-99","-99","-99","-99","-99","-99","-99","success","0","0","-99","-99","-99","success","-99","-99","-99","1448","1440","536","1448","1440","536","114","114","331717","SAC","success"
"success","success","t","t","t","t","t","1366x768","ie 9.0","-99","winvista","157","-99","100","success","not found","0","0","-99","-99","-99","-99","-99","-99","-99","-99","-99","-99","not found","-99","-99","-99","-99","-99","-99","-99","1448","1448","618","-99","117","45947","SAC","success"
"new_device","not found","t","f","t","t","t","1058x595","ie 9.0","-99","win7","110","-99","100","new_device","not found","-99","-99","-99","-99","-99","-99","-99","-99","-99","-99","-99","-99","not found","success","-99","-99","-99","-99","-99","-99","1448","1400","536","-99","116","251682","SAC","-99"
"new_device","not found","t","f","f","t","t","1366x768","chrome","-99","macosx","127","121","100","new_device","not found","0","0","-99","-99","-99","-99","-99","-99","-99","-99","-99","-99","not found","not found","-99","-99","-99","-99","-99","-99","1448","1448","536","-99","55","2520","SAC","-99"
"success","success","t","t","t","t","t","1280x1024","ie 9.0","-99","winvista","132","-99","100","success","success","0","0","-99","-99","-99","-99","-99","-99","-99","-99","-99","-99","success","-99","-99","-99","-99","1448","1448","536","1448","1448","538","118","118","133051","SAC","success"
"new_device","not found","t","f","f","t","t","1440x900","safari 5.1","-99","macosx","66","89","100","new_device","not found","-99","-99","-99","-99","-99","-99","-99","-99","-99","-99","-99","-99","not found","not found","-99","-99","-99","-99","-99","-99","1448","1448","536","-99","51","196280","SAC","-99"
"success","success","t","t","t","f","t","-99","ie 7.0","-99","win7","89","-99","100","success","success","0","0","-99","-99","-99","-99","-99","-99","-99","-99","success","-99","-99","-99","-99","-99","-99","1448","1440","536","1448","1440","1452","106","106","3228","SAC","-99"
"new_device","not found","t","t","t","t","t","1280x1024","ie 9.0","-99","win7","199","-99","100","new_device","not found","-99","-99","-99","-99","-99","-99","-99","success","0","0","-99","-99","-99","not found","-99","-99","-99","1448","1448","536","1448","1448","536","119","119","8763","SAC","success"
"success","success","t","f","f","t","-99","-99","-99","-99","-99","88","-99","100","success","success","-99","-99","-99","-99","-99","-99","-99","-99","-99","-99","-99","success","-99","success","-99","-99","-99","-99","-99","-99","-99","-99","-99","-99","-99","-99","-99","-99"
"new_device","not found","t","t","t","t","t","1152x864","firefox 17.0","-99","winxp","191","127","100","new_device","not found","-99","-99","-99","-99","-99","-99","-99","success","0","0","-99","-99","-99","success","-99","210.41","usd","1448","1440","536","1448","1440","570","113","113","3721","SAC","-99"
"success","success","t","t","t","t","t","1024x600","chrome 22.0","-99","win7","188","102","100","success","not found","0","0","-99","-99","-99","-99","-99","-99","-99","-99","-99","not found","-99","success","-99","-99","-99","-99","-99","-99","1448","1368","538","-99","115","59318","SAC","success"
"new_device","not found","t","t","t","f","t","-99","ie 9.0","-99","win7","97","-99","100","new_device","not found","-99","-99","-99","-99","-99","-99","-99","-99","-99","-99","-99","not found","-99","not found","-99","-99","-99","1448","1448","536","1448","1448","1386","118","118","3076","SAC","-99"
"new_device","not found","t","f","t","t","t","1366x768","chrome","-99","win7","148","37","100","new_device","not found","-99","-99","-99","-99","-99","-99","-99","-99","-99","-99","-99","not found","-99","not found","-99","-99","-99","-99","-99","-99","1448","1440","536","-99","116","31076","SAC","success"
"success","success","t","f","t","t","t","-99","android 4.0","t","android","76","-99","100","success","success","0","0","-99","-99","-99","-99","-99","-99","-99","-99","-99","success","-99","success","-99","-99","-99","-99","-99","-99","1448","1448","569","-99","52","3636","SAC","-99"
"success","success","t","t","t","t","t","1280x768","ie 8.0","-99","win7","203","-99","100","success","success","0","0","-99","-99","-99","-99","-99","success","0","0","-99","-99","-99","success","success","191.95","aud","1448","1440","536","1448","1440","549","112","112","2021310","SAC","success"
"-99","-99","-99","-99","-99","-99","-99","-99","-99","-99","-99","28","-99","-99","-99","-99","-99","-99","-99","-99","-99","-99","-99","-99","-99","-99","-99","-99","-99","-99","-99","-99","-99","-99","-99","-99","-99","-99","-99","-99","-99","-99","-99","-99"
"-99","-99","-99","-99","-99","-99","-99","-99","-99","-99","-99","43","-99","-99","-99","-99","-99","-99","-99","-99","-99","-99","-99","success","0","0","not found","not found","-99","not found","-99","-99","-99","-99","-99","-99","-99","-99","-99","-99","-99","-99","-99","-99"
"new_device","not found","t","t","t","t","t","1366x768","chrome","-99","win7","194","73","100","new_device","not found","0","0","-99","-99","-99","-99","-99","success","0","0","-99","-99","-99","not found","-99","-99","-99","1448","1448","536","1448","1448","570","119","119","41878","SAC","success"
"-99","-99","-99","-99","-99","-99","-99","-99","-99","-99","-99","26","-99","-99","-99","-99","-99","-99","-99","-99","-99","-99","-99","-99","-99","-99","-99","-99","-99","-99","-99","-99","-99","-99","-99","-99","-99","-99","-99","-99","-99","-99","-99","-99"
"new_device","not found","t","t","t","t","t","1366x768","chrome","-99","win7","146","56","100","new_device","not found","-99","-99","-99","-99","-99","-99","-99","-99","-99","-99","-99","-99","not found","-99","-99","-99","-99","1448","1448","536","1448","1448","618","109","109","907678","SAC","success"
"new_device","not found","f","f","t","t","t","768x1024","safari 6.0","t","ios","122","34","100","new_device","not found","-99","-99","-99","-99","-99","-99","-99","-99","-99","-99","-99","not found","-99","not found","-99","-99","-99","-99","-99","-99","1448","1448","805","-99","54","2904","SAC","success"
"new_device","not found","t","f","t","t","t","480x800","MSIE 10.0","-99","Windows Phone 8.0","121","-99","100","new_device","not found","0","0","-99","-99","-99","-99","-99","-99","-99","-99","-99","-99","-99","not found","not found","-99","-99","-99","-99","-99","1448","1358","618","-99","114","3411","SAC","success"
"success","success","t","t","t","t","t","1600x900","Chrome/23.0.1271.97","-99","-99","125","65","100","success","success","0","0","-99","-99","-99","-99","-99","-99","-99","-99","-99","-99","-99","success","-99","-99","-99","1448","1448","536","1448","1448","586","119","119","97551","AM1","success"
"success","success","t","f","f","t","t","1280x800","firefox 3.6","-99","winvista","123","62","100","success","not found","0","0","-99","-99","-99","-99","-99","-99","-99","-99","-99","-99","not found","not found","-99","-99","-99","-99","-99","-99","1448","1448","624","-99","115","784619","SAC","-99"
"success","success","t","t","t","t","t","1920x1080","ie 9.0","-99","win7","188","-99","100","success","success","0","0","-99","-99","-99","-99","-99","success","0","0","-99","-99","-99","success","-99","-99","-99","1448","1448","536","1448","1448","536","116","116","5592","SAC","success"
"success","success","t","t","t","t","t","1366x768","ie 9.0","-99","win7","139","-99","100","success","success","0","0","-99","-99","-99","-99","-99","-99","-99","-99","-99","-99","-99","success","-99","-99","-99","1448","1448","536","1448","1448","536","111","111","4792","SAC","success"
"new_device","not found","t","t","t","t","t","1024x768","chrome","-99","macosx","255","100","100","new_device","not found","0","0","-99","-99","-99","-99","-99","success","0","0","not found","success","not found","not found","not found","40.99","usd","1448","1448","536","1448","1448","1146","50","50","2697","SAC","success"
"success","success","t","f","f","t","-99","-99","-99","-99","-99","66","-99","100","success","success","-99","-99","-99","-99","-99","-99","-99","-99","-99","-99","-99","success","-99","success","-99","-99","-99","-99","-99","-99","-99","-99","-99","-99","-99","-99","-99","-99"
"success","success","t","t","t","t","t","1920x1080","firefox 17.0","-99","win7","146","26","100","success","success","0","0","-99","-99","-99","-99","-99","success","0","0","-99","-99","-99","success","-99","-99","-99","1448","1348","536","1448","1348","570","110","110","4700","SAC","success"
"new_device","not found","t","t","t","t","t","1280x1024","chrome","-99","winxp","186","117","100","new_device","not found","-99","-99","-99","-99","-99","-99","-99","not found","-99","-99","-99","-99","-99","not found","-99","-99","-99","1448","1448","536","1448","1448","570","47","47","35938","SAC","success"
"new_device","not found","t","f","t","t","t","320x568","safari 6.0","t","ios","111","34","100","new_device","not found","-99","-99","-99","-99","-99","-99","-99","success","0","0","-99","-99","not found","success","not found","10","-99","-99","-99","-99","1448","1440","757","-99","56","2728","SAC","-99"
"new_device","not found","t","t","t","t","t","1440x900","chrome","-99","winvista","144","77","100","new_device","not found","-99","-99","-99","-99","-99","-99","-99","-99","-99","-99","-99","-99","not found","-99","-99","-99","-99","1448","1448","536","1448","1448","634","116","116","231755","SAC","success"
"success","success","t","t","f","t","-99","1920x1080","chrome","-99","win7","182","94","100","success","success","0","0","-99","-99","-99","-99","-99","success","0","0","-99","-99","-99","success","-99","-99","-99","1448","1448","536","1448","1448","570","119","119","4252","SAC","success"
"success","success","t","t","t","t","t","1366x768","firefox 17.0","-99","win7","208","69","100","success","not found","0","0","-99","-99","-99","-99","-99","not found","-99","-99","not found","not found","not found","not found","not found","91.3","usd","1448","1448","536","1448","1448","1082","112","112","2761","SAC","success"
